Taro,Yamada,Male,32,090-1234-5678
Hanako,Sato,Female,26,090-1234-5678
Yuta,Saito,Male,22,090-1234-5678
Takashi,Suzuki,Male,41,090-1234-5678
Takumi,Fujita,Male,36,090-1234-5678
Yui,Matsuda,Female,28,090-1234-5678
Kyoko,Hayashi,Female,35,090-1234-5678
Shun,Ito,Male,28,090-1234-5678
Haruna,Mita,Female,21,090-1234-5678
Sakura,Kato,Female,24,090-1234-5678
Takuto,Kimura,Male,37,090-1234-5678
Sho,Mizuta,Male,41,090-1234-5678
Miyuki,Fukuda,Female,46,090-1234-5678
Ren,Shimada,Male,22,090-1234-5678
Aoi,Shibata,Female,25,090-1234-5678
Yuji,Kondo,Male,53,090-1234-5678
Shiho,Mizushima,Female,31,090-1234-5678
Reina,Kimura,Female,28,090-1234-5678
Yuka,Yamada,Female,35,090-1234-5678
Aya,Shiratori,Female,24,090-1234-5678
Kanta,Adachi,Male,38,090-1234-5678
Miho,Ueshima,Female,30,090-1234-5678
Rika,Shiraishi,Female,29,090-1234-5678
Jun,Takahashi,Male,44,090-1234-5678
Keiko,Tajima,Female,47,090-1234-5678
Yoshiki,Kawashima,Male,54,090-1234-5678
Narumi,Hamada,Female,31,090-1234-5678
Miku,Mori,Female,25,090-1234-5678
Chiaki,Ueda,Female,36,090-1234-5678
Yuki,Matsumoto,Male,38,090-1234-5678
Kenji,Yokota,Male,46,090-1234-5678
Yuri,Sakuma,Female,38,090-1234-5678
Rin,Kodama,Female,21,090-1234-5678
Chihiro,Kuroshima,Female,24,090-1234-5678
Naoya,Kimoto,Male,45,090-1234-5678
Koji,Takagi,Male,45,090-1234-5678
Yuya,Nakamura,Male,32,090-1234-5678
Nao,Sakurai,Female,33,090-1234-5678
Megumi,Kubota,Female,25,090-1234-5678
Taiki,Noda,Male,23,090-1234-5678
Katsuki,Fujimoto,Male,30,090-1234-5678
Misaki,Kanda,Female,28,090-1234-5678
